{"(['021', '121', '111', '110', '020'], ['501'])": 38.580621885441374, "(['021', '121', '111', '110', '020'], ['501', '401', '411', '502', '412'])": 91.83444095999036, "(['021', '121', '111', '110', '020'], ['501', '401', '411'])": 82.1974060234696, "(['021', '121', '111', '110'], ['501', '401', '411', '502', '412'])": 86.13172556568773, "(['021', '121', '111', '110'], ['501', '401', '411'])": 77.20656133962646, "(['021', '121', '111', '110'], ['501'])": 36.85198061360354, "(['021', '121', '111'], ['501'])": 36.80651554025546, "(['021', '121', '111'], ['501', '401', '411'])": 74.47917616976517, "(['021', '121', '111'], ['501', '401', '411', '502', '412'])": 82.50509475433974, "(['021', '121'], ['501', '401', '411'])": 66.86998942298737, "(['021', '121'], ['501'])": 35.930271485561725, "(['021', '121'], ['501', '401', '411', '502', '412'])": 73.25492461915732, "(['021'], ['501'])": 29.38451536579147, "(['021'], ['501', '401', '411'])": 39.16483254101121, "(['021'], ['501', '401', '411', '502', '412'])": 40.222516985225354, "(['021', '121', '111', '110', '020'], ['501', '401'])": 71.92868046778865, "(['021', '121', '111', '110', '020'], ['501', '401', '411', '502'])": 87.15068466829763, "(['021', '121', '111', '110', '020'], ['501', '401', '411', '502', '412', '512'])": 92.24758695514723, "(['021', '121', '111', '110'], ['501', '401', '411', '502'])": 79.17695896917088, "(['021', '121', '111', '110'], ['501', '401', '411', '502', '412', '512'])": 83.80540621782444, "(['021', '121', '111', '110'], ['501', '401'])": 66.06605740958116, "(['021', '121', '111'], ['501', '401', '411', '502'])": 75.72413215374257, "(['021', '121', '111'], ['501', '401'])": 63.37050412193564, "(['021', '121', '111'], ['501', '401', '411', '502', '412', '512'])": 80.24703702026399, "(['021', '121'], ['501', '401', '411', '502', '412', '512'])": 68.90084729721865, "(['021', '121'], ['501', '401', '411', '502'])": 65.68282448381068, "(['021', '121'], ['501', '401'])": 56.03642860290559, "(['021'], ['501', '401', '411', '502'])": 37.33647502076899, "(['021'], ['501', '401', '411', '502', '412', '512'])": 37.719999262444, "(['021'], ['501', '401'])": 34.23938426621061, "(['021', '121', '111', '110', '020', '120'], ['501', '401', '411'])": 78.28707338986507, "(['021', '121', '111', '110', '020', '120'], ['501'])": 34.589657891173815, "(['021', '121', '111', '110', '020', '120'], ['501', '401', '411', '502', '412'])": 88.6479207723653, "(['021', '121', '111', '110', '020', '120'], ['501', '401', '411', '502'])": 85.59690661870953, "(['021', '121', '111', '110', '020', '120'], ['501', '401'])": 67.52073712033166, "(['021', '121', '111', '110', '020', '120'], ['501', '401', '411', '502', '412', '512'])": 89.61015211395693}