{"(['122', '111', '502'], ['401', '400'])": 24.786415304914396, "(['122', '111', '502'], ['401', '400', '210'])": 16.274406914803045, "(['122', '111', '502'], ['401'])": 24.6158441883519, "(['122', '111'], ['401'])": 29.876032265813926, "(['122', '111'], ['401', '400'])": 29.974609132586686, "(['122', '111'], ['401', '400', '210', '110', '211', '121'])": 7.781999046222211, "(['122', '111'], ['401', '400', '210', '110', '211'])": 17.100378021771615, "(['122', '111'], ['401', '400', '210', '110'])": 17.687100060232495, "(['122', '111'], ['401', '400', '210'])": 25.864675251198758, "(['122'], ['401'])": 10.936610302981654, "(['122'], ['401', '400', '210', '110', '211'])": 5.316815448231699, "(['122'], ['401', '400', '210'])": 8.552965896144906, "(['122'], ['401', '400', '210', '110', '211', '121'])": 1.180691714835291, "(['122'], ['401', '400'])": 10.936610302981654, "(['122'], ['401', '400', '210', '110'])": 5.422023518455342, "(['122', '111', '502'], ['401', '400', '210', '110', '211', '121'])": -8.737898398587499, "(['122', '111', '502'], ['401', '400', '210', '110'])": 6.345206607473273, "(['122', '111', '502', '402'], ['401'])": 21.991270515708475, "(['122', '111', '502'], ['401', '400', '210', '110', '211'])": 3.007800959353591, "(['122', '111', '502', '402'], ['401', '400', '210', '110'])": 2.733047600358924, "(['122', '111', '502', '402'], ['401', '400'])": 21.95988320427346, "(['122', '111', '502', '402'], ['401', '400', '210'])": 11.41794739559723, "(['122', '111', '502', '402'], ['401', '400', '210', '110', '211'])": -1.8138861484148208, "(['122', '111', '502', '402'], ['401', '400', '210', '110', '211', '121'])": -13.9959999909251, "(['122', '111', '502', '402', '412'], ['401'])": 19.161891013775467, "(['122', '111', '502', '402', '412'], ['401', '400', '210', '110'])": -4.701668373606322, "(['122', '111', '502', '402', '412'], ['401', '400', '210', '110', '211', '121'])": -26.1086989739786, "(['122', '111', '502', '402', '412'], ['401', '400'])": 19.13620133753137, "(['122', '111', '502', '402', '412'], ['401', '400', '210'])": 5.612976836798618, "(['122', '111', '502', '402', '412'], ['401', '400', '210', '110', '211'])": -10.414863660914978, "(['122', '111', '502', '402', '412', '121'], ['401', '400', '210', '110'])": 1.6998913179824797, "(['122', '111', '502', '402', '412', '121'], ['401', '400', '210'])": 9.609474057949559, "(['122', '111', '502', '402', '412', '121'], ['401'])": 23.081572279289436, "(['122', '111', '502', '402', '412', '121'], ['401', '400', '210', '110', '211', '121'])": -2.426258157941203, "(['122', '111', '502', '402', '412', '121'], ['401', '400'])": 22.98482327201328, "(['122', '111', '502', '402', '412', '121'], ['401', '400', '210', '110', '211'])": -2.426258157941203}