{"(['220', '210', '222', '310', '211'], ['302', '300', '312'])": 26.920249386007082, "(['220', '210', '222', '310', '211'], ['302', '300', '312', '412', '311'])": 30.431862400312838, "(['220', '210', '222', '310', '211'], ['302'])": 21.6837460082257, "(['220', '210', '222', '310'], ['302'])": 20.818953513204626, "(['220', '210', '222', '310'], ['302', '300', '312', '412', '311'])": 28.889282855894482, "(['220', '210', '222', '310'], ['302', '300', '312'])": 25.63251433368496, "(['220', '210', '222'], ['302', '300', '312', '412', '311'])": 25.66208412165104, "(['220', '210', '222'], ['302'])": 19.040618819194453, "(['220', '210', '222'], ['302', '300', '312'])": 23.3377900585215, "(['220', '210'], ['302', '300', '312'])": 20.3988359473961, "(['220', '210'], ['302'])": 17.569392531065184, "(['220', '210'], ['302', '300', '312', '412', '311'])": 22.345792815985554, "(['220'], ['302', '300', '312'])": 18.82037392902925, "(['220'], ['302'])": 16.2791303536357, "(['220'], ['302', '300', '312', '412', '311'])": 20.68319165855442, "(['220', '210', '222', '310', '211'], ['302', '300', '312', '412'])": 29.68804727824179, "(['220', '210', '222', '310', '211'], ['302', '300', '312', '412', '311', '212'])": 31.653685175847947, "(['220', '210', '222', '310', '211'], ['302', '300'])": 25.326380980284416, "(['220', '210', '222', '310'], ['302', '300'])": 24.401618839358882, "(['220', '210', '222', '310'], ['302', '300', '312', '412', '311', '212'])": 30.700756682048194, "(['220', '210', '222', '310'], ['302', '300', '312', '412'])": 29.284038525409187, "(['220', '210', '222'], ['302', '300'])": 24.268524919216436, "(['220', '210', '222'], ['302', '300', '312', '412'])": 27.963582379112246, "(['220', '210', '222'], ['302', '300', '312', '412', '311', '212'])": 28.52226708094735, "(['220', '210'], ['302', '300', '312', '412'])": 25.06008569968293, "(['220', '210'], ['302', '300'])": 22.657943122788147, "(['220', '210'], ['302', '300', '312', '412', '311', '212'])": 25.01726994222891, "(['220'], ['302', '300'])": 19.96081216335066, "(['220'], ['302', '300', '312', '412'])": 21.52269967790387, "(['220'], ['302', '300', '312', '412', '311', '212'])": 20.687352982491433, "(['220', '210', '222', '310', '211', '110'], ['302'])": 20.751160928457217, "(['220', '210', '222', '310', '211', '110'], ['302', '300', '312', '412', '311'])": 28.689266646120643, "(['220', '210', '222', '310', '211', '110'], ['302', '300', '312'])": 23.953343652475393, "(['220', '210', '222', '310', '211', '110'], ['302', '300', '312', '412'])": 28.350112302496683, "(['220', '210', '222', '310', '211', '110'], ['302', '300'])": 24.194512304630177, "(['220', '210', '222', '310', '211', '110'], ['302', '300', '312', '412', '311', '212'])": 31.402574387409384}