{"(['221', '200', '211', '120', '220'], ['401'])": 39.979186917968114, "(['221', '200', '211', '120', '220'], ['401', '411', '422'])": 46.180679727591595, "(['221', '200', '211', '120', '220'], ['401', '411', '422', '502', '402'])": 51.07364984800644, "(['221', '200', '211', '120'], ['401', '411', '422', '502', '402'])": 46.83008343110223, "(['221', '200', '211', '120'], ['401', '411', '422'])": 42.3423579532438, "(['221', '200', '211'], ['401'])": 36.47329064749105, "(['221', '200', '211', '120'], ['401'])": 37.67745792398797, "(['221', '200', '211'], ['401', '411', '422', '502', '402'])": 44.85840071798375, "(['221', '200', '211'], ['401', '411', '422'])": 40.96115232217276, "(['221', '200'], ['401', '411', '422'])": 39.219813304421315, "(['221', '200'], ['401', '411', '422', '502', '402'])": 42.65741813165933, "(['221', '200'], ['401'])": 35.64657055214624, "(['221'], ['401', '411', '422'])": 36.306151255933116, "(['221'], ['401'])": 33.969806619772065, "(['221'], ['401', '411', '422', '502', '402'])": 38.88195854680902, "(['221', '200', '211', '120', '220'], ['401', '411'])": 45.61025842272387, "(['221', '200', '211', '120', '220'], ['401', '411', '422', '502'])": 51.58418466602988, "(['221', '200', '211', '120', '220'], ['401', '411', '422', '502', '402', '412'])": 57.2586874851083, "(['221', '200', '211', '120'], ['401', '411', '422', '502', '402', '412'])": 50.864499481558006, "(['221', '200', '211', '120'], ['401', '411', '422', '502'])": 46.05186107167846, "(['221', '200', '211', '120'], ['401', '411'])": 41.470260940886334, "(['221', '200', '211'], ['401', '411'])": 40.01566524711761, "(['221', '200', '211'], ['401', '411', '422', '502'])": 44.421606696257754, "(['221', '200', '211'], ['401', '411', '422', '502', '402', '412'])": 49.23421234083147, "(['221', '200'], ['401', '411', '422', '502', '402', '412'])": 45.14779079779852, "(['221', '200'], ['401', '411', '422', '502'])": 40.75167067479974, "(['221', '200'], ['401', '411'])": 36.827647119090166, "(['221'], ['401', '411', '422', '502'])": 34.12394693107014, "(['221'], ['401', '411', '422', '502', '402', '412'])": 35.83159637152635, "(['221'], ['401', '411'])": 30.91716437812233, "(['221', '200', '211', '120', '220', '110'], ['401', '411', '422'])": 51.52614123561102, "(['221', '200', '211', '120', '220', '110'], ['401'])": 40.52205210831861, "(['221', '200', '211', '120', '220', '110'], ['401', '411', '422', '502', '402'])": 58.04550868007789, "(['221', '200', '211', '120', '220', '110'], ['401', '411'])": 43.78154388148681, "(['221', '200', '211', '120', '220', '110'], ['401', '411', '422', '502'])": 48.896504873173015, "(['221', '200', '211', '120', '220', '110'], ['401', '411', '422', '502', '402', '412'])": 54.857284566365955}